{"loss": [28.04909974336624, 15.675631960233053, 9.905383661389351, 7.219881440202395, 5.9220607206225395, 5.256031503280004, 4.903250075876713, 4.707193113863468, 4.579336829483509, 4.52387277657787, 4.4870404961208505, 4.46306511759758, 4.453228799005349, 4.444080187628666, 4.437190542618433, 4.438040014356375, 4.434206957618395, 4.4299001308778925, 4.42560779551665, 4.42831735437115], "MSE": [9.608073620622356, 5.434922504580269, 3.438721943522493, 2.46996393368269, 1.973994831275195, 1.7042731363636752, 1.5458487475523726, 1.4491318565482894, 1.3878409220216175, 1.3492943039086336, 1.3248165285835662, 1.3079529281550397, 1.2948177269349495, 1.2880454698965573, 1.2817117030421892, 1.2772145704288655, 1.274075577997913, 1.2720944088185206, 1.2702344494483744, 1.268551613545666]}