{"tl": [7.922070295798282, 7.587470924671894, 7.193283427444597, 6.8331873750935, 6.505572735021512, 6.2082108534872535, 5.938846689959367, 5.695309809843699, 5.4755428522825245, 5.277612987409035, 5.099701595803102, 4.940106438659131, 4.797235659447809, 4.669603346697598, 4.555822865967639, 4.45460656300808, 4.364758163193861, 4.285166883841157, 4.214808458959063, 4.152740465352933, 4.0980957751472795], "tm": [4.26105888672173, 4.007589706924046, 3.7162484635598956, 3.455355494841933, 3.223024994879961, 3.0170312598347664, 2.835178938508034, 2.6753735654056072, 2.5356406085193157, 2.4141291450709104, 2.3091069776564837, 2.2189560477621852, 2.142171365395188, 2.077353785093874, 2.023206157310051, 1.97853084274102, 1.9422226816415786, 1.9132665174081922, 1.8907347708940505, 1.8737818729132414, 1.8616409469395876], "el": [7.235292224097066, 6.943667259005209, 6.60128807288905, 6.290184825410446, 6.008725860218207, 5.75471367786328, 5.525946177045504, 5.32031709998846, 5.135844292615851, 4.970671352619926, 4.823071209061891, 4.69143424196324, 4.574269722846414, 4.470196501150107, 4.377936568732063, 4.296313177545866, 4.2242431152611974, 4.160732050736745, 4.104870367050171, 4.055827511847019, 4.012849289178848], "em": [3.748696810565889, 3.534490830823779, 3.2899516485631466, 3.0729396171867847, 2.8815641179680824, 2.7136458069086076, 2.5670581184327603, 2.439785494282842, 2.3299441650509833, 2.2357785100117327, 2.155662179691717, 2.088089538720669, 2.0316716642540995, 1.9851314128376543, 1.9472967918030917, 1.9170955426990985, 1.8935520639643073, 1.8757799409329892, 1.8629785135388375, 1.8544275410473348, 1.8494817361235618], "ol": [8.282793484379848, 7.926752074000736, 7.506637650610961, 7.121897859110807, 6.77094247241815, 6.45153735006849, 6.16141187051932, 5.898376489182313, 5.6603517711162565, 5.445372865597407, 5.251590275764466, 5.077266551926732, 4.920771181086699, 4.780576761811972, 4.655251555334932, 4.543462770694168, 4.443961511272937, 4.355589557501177, 4.277270163347324, 4.208007339015603, 4.146882824848095], "om": [4.5358405947685245, 4.262595589458942, 3.9475760828532147, 3.664348511956632, 3.4110390111804008, 3.185411561280489, 2.9852493554353714, 2.8084307640790938, 2.6529518984258176, 2.5169233456254005, 2.3985737428069114, 2.296242517232895, 2.208377239108086, 2.1335291776107623, 2.0703481803066097, 2.017582007130841, 1.9740674420259894, 1.9387329312972725, 1.9105913389474154, 1.8887384232133626, 1.872349378466606]}